requested_kl,sigma,rho,tasks,mean_true_progress,mean_proxy_progress,false_progress_rate,mean_actual_kl,predicted_sign,observed_mean_sign,phase_agreement
0.005,0.5,-1.0,512,0.04878461945725303,0.049968914771119755,0.0,0.005000000000005884,1.0,1.0,1
0.005,0.5,-0.75,512,0.04311117916957577,0.07069236144029666,0.0,0.004999999999962881,1.0,1.0,1
0.005,0.5,-0.5,512,0.04224052494941621,0.0865834255731112,0.0,0.005000000000000538,1.0,1.0,1
0.005,0.5,-0.25,512,0.04267803021797088,0.09997605185875147,0.0,0.004999999999947842,1.0,1.0,1
0.005,0.5,0.0,512,0.04362540011687797,0.11177169561999444,0.0,0.005000000000031192,1.0,1.0,1
0.005,0.5,0.25,512,0.044802859686099636,0.12243218854017257,0.0,0.00500000000002889,1.0,1.0,1
0.005,0.5,0.5,512,0.046089745407070476,0.13223166223579616,0.0,0.005000000000017514,1.0,1.0,1
0.005,0.5,0.75,512,0.04742728553427343,0.1413485777366683,0.0,0.005000000000014509,1.0,1.0,1
0.005,0.5,1.0,512,0.04878461945722709,0.14990674431328319,0.0,0.005000000000000611,1.0,1.0,1
0.005,1.0,-0.75,512,0.01728056563137391,0.07070641744356565,0.0,0.00500000000005256,1.0,1.0,1
0.005,1.0,-0.5,512,0.024417609420003945,0.09999996165481208,0.0,0.004999999999952413,1.0,1.0,1
0.005,1.0,-0.25,512,0.02988999647669872,0.12247575457553302,0.0,0.0050000000000237094,1.0,1.0,1
0.005,1.0,0.0,512,0.03450155301865732,0.14141823500069678,0.0,0.005000000000012196,1.0,1.0,1
0.005,1.0,0.25,512,0.038564665413884744,0.1580983586534503,0.0,0.005000000000013445,1.0,1.0,1
0.005,1.0,0.5,512,0.04224052494941621,0.1731668511462224,0.0,0.005000000000000538,1.0,1.0,1
0.005,1.0,0.75,512,0.045625841009814254,0.1870092468541368,0.0,0.005000000000026827,1.0,1.0,1
0.005,1.0,1.0,512,0.04878461945725303,0.19987565908447902,0.0,0.005000000000005884,1.0,1.0,1
0.005,1.5,-1.0,512,-0.048762851925683345,0.04994467327998529,1.0,0.0050000000000262924,-1.0,-1.0,1
0.005,1.5,-0.75,512,-0.00607409338630942,0.09996621763977648,1.0,0.0049999999999569,-1.0,-1.0,1
0.005,1.5,-0.5,512,0.009253530643567232,0.13226707462518456,0.0,0.004999999999975222,1.0,1.0,1
0.005,1.5,-0.25,512,0.019314953205978973,0.15810760482954375,0.0,0.004999999999980813,1.0,1.0,1
0.005,1.5,0.0,512,0.027081840190206076,0.18027937669508515,0.0,0.004999999999979261,1.0,1.0,1
0.005,1.5,0.25,512,0.033547176257445514,0.1999977379815305,0.0,0.005000000000007806,1.0,1.0,1
0.005,1.5,0.5,512,0.039167794930288685,0.21792002338492916,0.0,0.005000000000007568,1.0,1.0,1
0.005,1.5,0.75,512,0.04419500306472586,0.23444751128222843,0.0,0.005000000000035664,1.0,1.0,1
0.005,1.5,1.0,512,0.048784619457459905,0.24984457385664563,0.0,0.005000000000046803,1.0,1.0,1
0.005,2.0,-1.0,512,-0.048762851925683345,0.09988934655997057,1.0,0.005000000000026291,-1.0,-1.0,1
0.005,2.0,-0.75,512,-0.017234353704291844,0.14135895808440013,1.0,0.005000000000028684,-1.0,-1.0,1
0.005,2.0,-0.5,512,2.9414521669673293e-05,0.1731585052036963,0.48828125,0.004999999999982534,0.0,1.0,1
0.005,2.0,-0.25,512,0.012230425936262251,0.1999763616687689,0.0,0.005000000000012831,1.0,1.0,1
0.005,2.0,0.0,512,0.021845784911265407,0.22360286118028297,0.0,0.004999999999980873,1.0,1.0,1
0.005,2.0,0.25,512,0.02988999647669872,0.244951509151066,0.0,0.00500000000002371,1.0,1.0,1
0.005,2.0,0.5,512,0.036878125343430254,0.2645592378786385,0.0,0.005000000000009381,1.0,1.0,1
0.005,2.0,0.75,512,0.04311117916957577,0.2827694457611866,0.0,0.004999999999962881,1.0,1.0,1
0.005,2.0,1.0,512,0.04878461945722709,0.29981348862656637,0.0,0.005000000000000611,1.0,1.0,1
0.02,0.5,-1.0,512,0.09733727334499884,0.09970168363811714,0.0,0.01999999999999743,1.0,1.0,1
0.02,0.5,-0.75,512,0.08596591732207172,0.14119813657263236,0.0,0.019999999999952237,1.0,1.0,1
0.02,0.5,-0.5,512,0.08423088759640147,0.17295779104474854,0.0,0.019999999999969126,1.0,1.0,1
0.02,0.5,-0.25,512,0.08510252315318448,0.1996996768449968,0.0,0.01999999999998209,1.0,1.0,1
0.02,0.5,0.0,512,0.0869915332502702,0.22323238429491798,0.0,0.020000000000023853,1.0,1.0,1
0.02,0.5,0.25,512,0.08934290174415113,0.24447980676434994,0.0,0.01999999999996536,1.0,1.0,1
0.02,0.5,0.5,512,0.0919183851331088,0.2639891072397884,0.0,0.019999999999984728,1.0,1.0,1
0.02,0.5,0.75,512,0.09460295939719436,0.2821156135299028,0.0,0.020000000000019974,1.0,1.0,1
0.02,0.5,1.0,512,0.09733727334509626,0.2991050509146607,0.0,0.02000000000003774,1.0,1.0,1
0.02,1.0,-0.75,512,0.03458729523479795,0.14135375236057057,0.0,0.019999999999978875,1.0,1.0,1
0.02,1.0,-0.5,512,0.04880985587305975,0.19992320194538404,0.0,0.01999999999999512,1.0,1.0,1
0.02,1.0,-0.25,512,0.05969286856494689,0.2448441145983636,0.0,0.019999999999998918,1.0,1.0,1
0.02,1.0,0.0,512,0.06885175089409558,0.2826706398592381,0.0,0.019999999999971277,1.0,1.0,1
0.02,1.0,0.25,512,0.07692019252553747,0.31593172088069477,0.0,0.019999999999989082,1.0,1.0,1
0.02,1.0,0.5,512,0.08423088759640147,0.3459155820894971,0.0,0.01999999999996913,1.0,1.0,1
0.02,1.0,0.75,512,0.09098920359808275,0.3733791053705364,0.0,0.019999999999976273,1.0,1.0,1
0.02,1.0,1.0,512,0.09733727334499884,0.39880673455246857,0.0,0.01999999999999743,1.0,1.0,1
0.02,1.5,-1.0,512,-0.09724987942335202,0.09960436057254009,1.0,0.01999999999998143,-1.0,-1.0,1
0.02,1.5,-0.75,512,-0.012091179941904416,0.1997931761311238,1.0,0.02000000000004432,-1.0,-1.0,1
0.02,1.5,-0.5,512,0.018559352052793753,0.2643984689840907,0.0,0.019999999999980134,1.0,1.0,1
0.02,1.5,-0.25,512,0.03864454933053683,0.3160885718114617,0.0,0.019999999999988277,1.0,1.0,1
0.02,1.5,0.0,512,0.05411063557779541,0.3604152996287004,0.0,0.02000000000003406,1.0,1.0,1
0.02,1.5,0.25,512,0.06695682688177844,0.3997772728543807,0.0,0.02000000000002977,1.0,1.0,1
0.02,1.5,0.5,512,0.0781185743766685,0.4354529398077597,0.0,0.02000000000000036,1.0,1.0,1
0.02,1.5,0.75,512,0.08812847859677521,0.46820329608448763,0.0,0.01999999999997968,1.0,1.0,1
0.02,1.5,1.0,512,0.09733727334499584,0.4985084181905867,0.0,0.019999999999996992,1.0,1.0,1
0.02,2.0,-1.0,512,-0.09724987942335202,0.19920872114508018,1.0,0.019999999999981432,-1.0,-1.0,1
0.02,2.0,-0.75,512,-0.03440266430983169,0.28249263893580207,1.0,0.01999999999997994,-1.0,-1.0,1
0.02,2.0,-0.5,512,0.00011709861262440303,0.3460988155819866,0.48046875,0.019999999999990786,0.0,1.0,1
0.02,2.0,-0.25,512,0.02450654258271978,0.39976286278684686,0.0,0.019999999999974188,1.0,1.0,1
0.02,2.0,0.0,512,0.043688455465156595,0.4470329531159398,0.0,0.020000000000005697,1.0,1.0,1
0.02,2.0,0.25,512,0.05969286856494689,0.4896882291967272,0.0,0.019999999999998918,1.0,1.0,1
0.02,2.0,0.5,512,0.07357045971292629,0.5287392914770108,0.0,0.020000000000012678,1.0,1.0,1
0.02,2.0,0.75,512,0.08596591732207172,0.5647925462905294,0.0,0.019999999999952233,1.0,1.0,1
0.02,2.0,1.0,512,0.09733727334509626,0.5982101018293214,0.0,0.02000000000003774,1.0,1.0,1
0.1,0.5,-1.0,512,0.2146718798953976,0.21989052322730204,0.0,0.1000000000000022,1.0,1.0,1
0.1,0.5,-0.75,512,0.18900252962081113,0.31324682413030597,0.0,0.10000000000003972,1.0,1.0,1
0.1,0.5,-0.5,512,0.1852071854159211,0.3839405612471894,0.0,0.10000000000000418,1.0,1.0,1
0.1,0.5,-0.25,512,0.18711148367126476,0.44317044436343733,0.0,0.10000000000000502,1.0,1.0,1
0.1,0.5,0.0,512,0.1912557465160396,0.49504522873628576,0.0,0.09999999999998127,1.0,1.0,1
0.1,0.5,0.25,512,0.19645477211615342,0.5416291630633014,0.0,0.09999999999998281,1.0,1.0,1
0.1,0.5,0.5,512,0.20221576976345307,0.5841263522153785,0.0,0.1000000000000182,1.0,1.0,1
0.1,0.5,0.75,512,0.20831845387515086,0.623302903092046,0.0,0.09999999999999067,1.0,1.0,1
0.1,0.5,1.0,512,0.2146718798953592,0.6596715696817922,0.0,0.09999999999996632,1.0,1.0,1
0.1,1.0,-0.75,512,0.07732272195564605,0.31524946613498844,0.0,0.10000000000001447,1.0,1.0,1
0.1,1.0,-0.5,512,0.10857746894922529,0.4458632420862328,0.0,0.1000000000000233,1.0,1.0,1
0.1,1.0,-0.25,512,0.13223637298172844,0.5458212577179473,0.0,0.09999999999998108,1.0,1.0,1
0.1,1.0,0.0,512,0.15199508018354685,0.6296091954383848,0.0,0.10000000000000063,1.0,1.0,1
0.1,1.0,0.25,512,0.16936580677621874,0.7027260433634722,0.0,0.10000000000001494,1.0,1.0,1
0.1,1.0,0.5,512,0.1852071854159211,0.7678811224943788,0.0,0.10000000000000418,1.0,1.0,1
0.1,1.0,0.75,512,0.20012808932394474,0.8265590348481264,0.0,0.10000000000003345,1.0,1.0,1
0.1,1.0,1.0,512,0.2146718798953976,0.8795620929092082,0.0,0.1000000000000022,1.0,1.0,1
0.1,1.5,-1.0,512,-0.21422531135589393,0.21939336630500675,1.0,0.10000000000001089,-1.0,-1.0,1
0.1,1.5,-0.75,512,-0.026723359089651507,0.44527536475492957,0.982421875,0.10000000000005221,-1.0,-1.0,1
0.1,1.5,-0.5,512,0.041747207280834045,0.5895240327796266,0.0,0.0999999999999741,1.0,1.0,1
0.1,1.5,-0.25,512,0.0862744932738162,0.7049673450289029,0.0,0.09999999999999307,1.0,1.0,1
0.1,1.5,0.0,512,0.12012934415410736,0.8036774644216713,0.0,0.09999999999998599,1.0,1.0,1
0.1,1.5,0.25,512,0.14791490438769445,0.8906510184398159,0.0,0.10000000000000399,1.0,1.0,1
0.1,1.5,0.5,512,0.17195132176722575,0.96831395136593,0.0,0.10000000000000317,1.0,1.0,1
0.1,1.5,0.75,512,0.19376334916170254,1.0378196557792565,0.0,0.09999999999998832,1.0,1.0,1
0.1,1.5,1.0,512,0.21467187989542277,1.0994526161366458,0.0,0.10000000000002314,1.0,1.0,1
0.1,2.0,-1.0,512,-0.21422531135589393,0.4387867326100135,1.0,0.1000000000000109,-1.0,-1.0,1
0.1,2.0,-0.75,512,-0.07641129930894343,0.6294477729247387,1.0,0.09999999999996348,-1.0,-1.0,1
0.1,2.0,-0.5,512,0.0005684488634268441,0.7714578852510166,0.48828125,0.10000000000000969,0.0,1.0,1
0.1,2.0,-0.25,512,0.0549807606314552,0.8914339391721482,0.0,0.10000000000000267,1.0,1.0,1
0.1,2.0,0.0,512,0.09736470456570702,0.9970134134941181,0.0,0.10000000000000468,1.0,1.0,1
0.1,2.0,0.25,512,0.13223637298172844,1.0916425154358946,0.0,0.09999999999998108,1.0,1.0,1
0.1,2.0,0.5,512,0.1621501320477144,1.176849367146822,0.0,0.09999999999999107,1.0,1.0,1
0.1,2.0,0.75,512,0.18900252962081113,1.252987296521224,0.0,0.10000000000003972,1.0,1.0,1
0.1,2.0,1.0,512,0.2146718798953592,1.3193431393635844,0.0,0.09999999999996632,1.0,1.0,1
0.3,0.5,-1.0,509,0.3582805174894511,0.366677984012403,0.0,0.3000000000000164,1.0,1.0,1
0.3,0.5,-0.75,512,0.31263957442057433,0.5312377472342495,0.0,0.29999999999999527,1.0,1.0,1
0.3,0.5,-0.5,512,0.306579171070025,0.6522053007298977,0.0,0.2999999999999863,1.0,1.0,1
0.3,0.5,-0.25,512,0.30961238477875774,0.7522130694061979,0.0,0.3000000000000419,1.0,1.0,1
0.3,0.5,0.0,512,0.3162693502776316,0.8386505426865898,0.0,0.3000000000000278,1.0,1.0,1
0.3,0.5,0.25,512,0.3247639032943808,0.9150276478293714,0.0,0.29999999999997,1.0,1.0,1
0.3,0.5,0.5,512,0.33444607113437214,0.983233484837154,0.0,0.2999999999999743,1.0,1.0,1
0.3,0.5,0.75,512,0.34518357498264407,1.044241270622333,0.0,0.30000000000003846,1.0,1.0,1
0.3,0.5,1.0,509,0.3582805174894563,1.1000339520372242,0.0,0.30000000000002,1.0,1.0,1
0.3,1.0,-0.75,512,0.13328569539461374,0.5420763143469811,0.0,0.30000000000004123,1.0,1.0,1
0.3,1.0,-0.5,512,0.18519653055397436,0.7664962881606654,0.0,0.30000000000000865,1.0,1.0,1
0.3,1.0,-0.25,512,0.22340170345883334,0.9373022415716628,0.0,0.29999999999997595,1.0,1.0,1
0.3,1.0,0.0,512,0.25459839117180494,1.0788573247404987,0.0,0.29999999999996174,1.0,1.0,1
0.3,1.0,0.25,512,0.2817034926438094,1.1999705417297482,0.0,0.299999999999999,1.0,1.0,1
0.3,1.0,0.5,512,0.306579171070025,1.3044106014597954,0.0,0.2999999999999863,1.0,1.0,1
0.3,1.0,0.75,512,0.33089710990588994,1.393256715532046,0.0,0.3000000000000523,1.0,1.0,1
0.3,1.0,1.0,509,0.3582805174894511,1.466711936049612,0.0,0.3000000000000164,1.0,1.0,1
0.3,1.5,-1.0,507,-0.35719975686948635,0.3653042035801399,1.0,0.2999999999999841,-1.0,-1.0,1
0.3,1.5,-0.75,512,-0.04567064214647662,0.7649887890794531,0.8671875,0.3000000000000148,-1.0,-1.0,1
0.3,1.5,-0.5,512,0.072690377416125,1.013346532580514,0.02734375,0.29999999999999727,1.0,1.0,1
0.3,1.5,-0.25,512,0.14830499869257374,1.2122261785834316,0.0,0.3000000000000156,1.0,1.0,1
0.3,1.5,0.0,512,0.20397441307222533,1.3810843719246653,0.0,0.2999999999999757,1.0,1.0,1
0.3,1.5,0.25,512,0.2482005150044578,1.5270366791126961,0.0,0.30000000000003424,1.0,1.0,1
0.3,1.5,0.5,512,0.28573769986406355,1.6523407856767454,0.0,0.30000000000001886,1.0,1.0,1
0.3,1.5,0.75,512,0.32034324244479934,1.755904970938019,0.0,0.3000000000000098,1.0,1.0,1
0.3,1.5,1.0,509,0.3582805174894529,1.8333899200620214,0.0,0.30000000000001253,1.0,1.0,1
0.3,2.0,-1.0,507,-0.35719975686948635,0.7306084071602797,1.0,0.2999999999999841,-1.0,-1.0,1
0.3,2.0,-0.75,512,-0.1306479263699486,1.0812168662212778,1.0,0.3000000000000048,-1.0,-1.0,1
0.3,2.0,-0.5,512,0.001545019414620299,1.325543179928787,0.49609375,0.2999999999999967,0.0,1.0,1
0.3,2.0,-0.25,512,0.09537229743981483,1.5325407468668255,0.0078125,0.3000000000000135,1.0,1.0,1
0.3,2.0,0.0,512,0.16674956752224704,1.7143172139153005,0.0,0.29999999999997295,1.0,1.0,1
0.3,2.0,0.25,512,0.2234017034588333,1.8746044831433255,0.0,0.29999999999997595,1.0,1.0,1
0.3,2.0,0.5,512,0.27045684882797016,2.0129433203312894,0.0,0.30000000000001076,1.0,1.0,1
0.3,2.0,0.75,512,0.31263957442057433,2.124950988936998,0.0,0.29999999999999527,1.0,1.0,1
0.3,2.0,1.0,509,0.3582805174894563,2.2000679040744484,0.0,0.30000000000002,1.0,1.0,1
