expected_labels,method,arm,tasks,mean_realized_labels,mean_radius,block_rate,allow_rate,inconclusive_rate,decisive_rate,wrong_sign_decision_rate
4.0,proxy_leverage,benign,1024,4.0859375,5.983015335230767,0.0,0.0,1.0,0.0,0.0
4.0,proxy_leverage,harmful,1024,4.046875,2.59323724292456,0.0,0.0,1.0,0.0,0.0
4.0,uniform,benign,1024,4.0166015625,9.240510048018535,0.0,0.0,1.0,0.0,0.0
4.0,uniform,harmful,1024,4.0517578125,4.562591916354307,0.0,0.0,1.0,0.0,0.0
8.0,proxy_leverage,benign,1024,8.111328125,2.9876975852660568,0.0,0.0029296875,0.9970703125,0.0029296875,0.0
8.0,proxy_leverage,harmful,1024,7.8857421875,1.2937160667519572,0.0,0.0,1.0,0.0,0.0
8.0,uniform,benign,1024,8.0556640625,4.620255024009268,0.0,0.0009765625,0.9990234375,0.0009765625,0.0
8.0,uniform,harmful,1024,8.1318359375,2.2812959581771537,0.0,0.0,1.0,0.0,0.0
16.0,proxy_leverage,benign,1024,16.171875,1.49361695485423,0.0,0.22265625,0.77734375,0.22265625,0.0
16.0,proxy_leverage,harmful,1024,15.8369140625,0.6469934720371225,0.0029296875,0.0,0.9970703125,0.0029296875,0.0
16.0,uniform,benign,1024,15.921875,2.310127512004634,0.0,0.0322265625,0.9677734375,0.0322265625,0.0
16.0,uniform,harmful,1024,15.859375,1.1406479790885768,0.0,0.0,1.0,0.0,0.0
32.0,proxy_leverage,benign,1024,31.9501953125,0.7664788514289864,0.0,0.9990234375,0.0009765625,0.9990234375,0.0
32.0,proxy_leverage,harmful,1024,31.9873046875,0.34540377759624574,0.041015625,0.0,0.958984375,0.041015625,0.0
32.0,uniform,benign,1024,31.9150390625,1.155063756002317,0.0,0.57421875,0.42578125,0.57421875,0.0
32.0,uniform,harmful,1024,31.8076171875,0.5703239895442884,0.017578125,0.0,0.982421875,0.017578125,0.0
