task_id,representation,absolute_tie_tolerance,pairs,order_or_tie_changes,strict_reversals,tie_changes
127,all,0.0,120,0,0,0
127,all,1e-10,120,0,0,0
127,public,0.0,120,0,0,0
127,public,1e-10,120,0,0,0
170,all,0.0,120,0,0,0
170,all,1e-10,120,0,0,0
170,public,0.0,120,0,0,0
170,public,1e-10,120,0,0,0
234,all,0.0,120,0,0,0
234,all,1e-10,120,0,0,0
234,public,0.0,120,0,0,0
234,public,1e-10,120,0,0,0
306,all,0.0,120,11,11,0
306,all,1e-10,120,11,11,0
306,public,0.0,120,0,0,0
306,public,1e-10,120,0,0,0
410,all,0.0,120,8,8,0
410,all,1e-10,120,8,8,0
410,public,0.0,120,0,0,0
410,public,1e-10,120,0,0,0
439,all,0.0,120,0,0,0
439,all,1e-10,120,0,0,0
439,public,0.0,120,0,0,0
439,public,1e-10,120,0,0,0
476,all,0.0,120,0,0,0
476,all,1e-10,120,0,0,0
476,public,0.0,120,0,0,0
476,public,1e-10,120,0,0,0
567,all,0.0,120,0,0,0
567,all,1e-10,120,0,0,0
567,public,0.0,120,0,0,0
567,public,1e-10,120,0,0,0
628,all,0.0,120,0,0,0
628,all,1e-10,120,0,0,0
628,public,0.0,120,0,0,0
628,public,1e-10,120,0,0,0
629,all,0.0,120,0,0,0
629,all,1e-10,120,0,0,0
629,public,0.0,120,0,0,0
629,public,1e-10,120,0,0,0
631,all,0.0,120,1,1,0
631,all,1e-10,120,1,1,0
631,public,0.0,120,0,0,0
631,public,1e-10,120,0,0,0
635,all,0.0,120,0,0,0
635,all,1e-10,120,0,0,0
635,public,0.0,120,0,0,0
635,public,1e-10,120,0,0,0
644,all,0.0,120,0,0,0
644,all,1e-10,120,0,0,0
644,public,0.0,120,0,0,0
644,public,1e-10,120,0,0,0
753,all,0.0,120,0,0,0
753,all,1e-10,120,0,0,0
753,public,0.0,120,0,0,0
753,public,1e-10,120,0,0,0
90,all,0.0,120,0,0,0
90,all,1e-10,120,0,0,0
90,public,0.0,120,0,0,0
90,public,1e-10,120,0,0,0
91,all,0.0,120,0,0,0
91,all,1e-10,120,0,0,0
91,public,0.0,120,0,0,0
91,public,1e-10,120,0,0,0
