arm,requested_kl,trusted_pass_evaluation_only,uniform_pass_evaluation_only,target_kl,kl,total_variation,distribution_free_gain_lower_bound,zero_common_radius
all_frozen,0.02,0.6109774550639162,0.55078125,0.0175,0.017500000000070164,0.0697993994473463,-0.06979939944734628,0.125
all_frozen,0.1,0.6759878620650055,0.55078125,0.07695651359061453,0.07695651359052078,0.14528175886752004,-0.14528175886752004,0.125
all_frozen,0.3,0.7341305182233806,0.55078125,0.1764998351551917,0.17649983515530787,0.21447326977280473,-0.21447326977280473,0.125
all_frozen,0.6,0.7539932942503028,0.55078125,0.24641006151073394,0.2464100615109814,0.24727392958402306,-0.24727392958402306,0.125
all_refreshed,0.02,0.6108239365007081,0.55078125,0.0175,0.017500000000137936,0.0701417146700994,-0.0701417146700994,0.125
all_refreshed,0.1,0.6756405198166792,0.55078125,0.07695651359061453,0.07695651359051288,0.14566303339362405,-0.14566303339362405,0.125
all_refreshed,0.3,0.7334987907673427,0.55078125,0.1764998351551917,0.1764998351551368,0.21459771745927736,-0.2145977174592774,0.125
all_refreshed,0.6,0.7531836700683057,0.55078125,0.24641006151073394,0.24641006151063002,0.24758795726745858,-0.24758795726745858,0.125
public_frozen,0.02,0.6110512155952517,0.55078125,0.0175,0.017500000000097965,0.06966365466935011,-0.06966365466935011,0.125
public_frozen,0.1,0.6761489508594873,0.55078125,0.07695651359061453,0.07695651359039726,0.14501647187625963,-0.14501647187625963,0.125
public_frozen,0.3,0.734396395051024,0.55078125,0.1764998351551917,0.17649983515499376,0.21429436689187367,-0.21429436689187364,0.125
public_frozen,0.6,0.7543323650570078,0.55078125,0.24641006151073394,0.24641006151061637,0.2473733561817346,-0.24737335618173456,0.125
public_refreshed,0.02,0.6110512155952517,0.55078125,0.0175,0.017500000000097965,0.06966365466935011,-0.06966365466935011,0.125
public_refreshed,0.1,0.6761489508594873,0.55078125,0.07695651359061453,0.07695651359039726,0.14501647187625963,-0.14501647187625963,0.125
public_refreshed,0.3,0.734396395051024,0.55078125,0.1764998351551917,0.17649983515499376,0.21429436689187367,-0.21429436689187364,0.125
public_refreshed,0.6,0.7543323650570078,0.55078125,0.24641006151073394,0.24641006151061637,0.2473733561817346,-0.24737335618173456,0.125
public_score,0.02,0.6110512155952517,0.55078125,0.0175,0.017500000000097965,0.06966365466935011,-0.06966365466935011,0.125
public_score,0.1,0.6761489508594873,0.55078125,0.07695651359061453,0.07695651359039726,0.14501647187625963,-0.14501647187625963,0.125
public_score,0.3,0.734396395051024,0.55078125,0.1764998351551917,0.17649983515499376,0.21429436689187367,-0.21429436689187364,0.125
public_score,0.6,0.7543323650570078,0.55078125,0.24641006151073394,0.24641006151061637,0.2473733561817346,-0.24737335618173456,0.125
shuffled_refreshed,0.02,0.5812338822052744,0.55078125,0.02,0.020000000000168813,0.07672477815532688,-0.07672477815532688,0.125
shuffled_refreshed,0.1,0.6132760091459869,0.55078125,0.1,0.09999999999985255,0.1698741228340951,-0.1698741228340951,0.125
shuffled_refreshed,0.3,0.6416516688659804,0.55078125,0.3,0.3000000000000931,0.3017598023603831,-0.3017598023603831,0.125
shuffled_refreshed,0.6,0.6414138851562717,0.55078125,0.5841608493924982,0.5841608493925128,0.4253135362791406,-0.4253135362791406,0.125
