representation,optimizer,rounds,primary,refreshed_minus_frozen,descriptive_task_bootstrap_lo,descriptive_task_bootstrap_hi,evaluation_tasks
all,bon,1,0,0.0,0.0,0.0,16
all,bon,4,0,9.926167350636332e-24,0.0,2.9778502051908996e-23,16
all,bon,12,0,0.0,0.0,0.0,16
all,soft,1,0,-0.0005508534660598995,-0.0013347205918796876,0.00018655766464355833,16
all,soft,4,1,-0.00025950272639095606,-0.001461579122158925,0.0008056867264726853,16
all,soft,12,0,0.00010036413233595678,-0.0002317436277388488,0.0004920371657756551,16
public,bon,1,0,0.0,0.0,0.0,16
public,bon,4,0,0.0,0.0,0.0,16
public,bon,12,0,0.0,0.0,0.0,16
public,soft,1,0,0.0014584387762852273,0.0009183219033336317,0.002034806969415555,16
public,soft,4,0,0.001278543044917195,0.0007019248932432101,0.0019221143455654505,16
public,soft,12,0,0.00011966073828620014,4.109968133854392e-06,0.0003456416518866238,16
