representation,optimizer,rounds,arm,trusted_pass_evaluation_only,uniform_pass_evaluation_only,public_policy_pass_evaluation_only,task_has_any_success_evaluation_only
all,bon,1,frozen,0.748316764831543,0.55078125,0.7732992172241211,0.875
all,bon,1,refreshed,0.748316764831543,0.55078125,0.7732992172241211,0.875
all,bon,4,frozen,0.7500000041737532,0.55078125,0.8154761904761905,0.875
all,bon,4,refreshed,0.7500000041737532,0.55078125,0.8154761904761905,0.875
all,bon,12,frozen,0.75,0.55078125,0.8154761904761905,0.875
all,bon,12,refreshed,0.75,0.55078125,0.8154761904761905,0.875
all,soft,1,frozen,0.6414112910353462,0.55078125,0.6622286116824359,0.875
all,soft,1,refreshed,0.6408604375692863,0.55078125,0.6622286116824359,0.875
all,soft,4,frozen,0.7781233366636242,0.55078125,0.7935806532440143,0.875
all,soft,4,refreshed,0.7778638339372332,0.55078125,0.7935806532440143,0.875
all,soft,12,frozen,0.8132060431164367,0.55078125,0.8144829099518878,0.875
all,soft,12,refreshed,0.8133064072487727,0.55078125,0.8144829099518878,0.875
public,bon,1,frozen,0.7732992172241211,0.55078125,0.7732992172241211,0.875
public,bon,1,refreshed,0.7732992172241211,0.55078125,0.7732992172241211,0.875
public,bon,4,frozen,0.8154761904761905,0.55078125,0.8154761904761905,0.875
public,bon,4,refreshed,0.8154761904761905,0.55078125,0.8154761904761905,0.875
public,bon,12,frozen,0.8154761904761905,0.55078125,0.8154761904761905,0.875
public,bon,12,refreshed,0.8154761904761905,0.55078125,0.8154761904761905,0.875
public,soft,1,frozen,0.6441247661806677,0.55078125,0.6622286116824359,0.875
public,soft,1,refreshed,0.6455832049569529,0.55078125,0.6622286116824359,0.875
public,soft,4,frozen,0.7807463912552532,0.55078125,0.7935806532440143,0.875
public,soft,4,refreshed,0.7820249343001704,0.55078125,0.7935806532440143,0.875
public,soft,12,frozen,0.8133756154038501,0.55078125,0.8144829099518878,0.875
public,soft,12,refreshed,0.8134952761421363,0.55078125,0.8144829099518878,0.875
