arm,mode,budget,tasks,decisive_rate,block_rate,allow_rate,wrong_sign_decisive_rate,mean_radius,mean_range_width,mean_max_abs_importance_coefficient,mean_exact_covariance
benign,active,16,1024,0.091796875,0.0,0.091796875,0.0,1.6874349927841004,4.969981914389909,2.4849909571949547,1.2189683049774627
benign,active,32,1024,0.5439453125,0.0,0.5439453125,0.0,1.19319672620911,4.969981914389909,2.4849909571949547,1.2189683049774627
benign,active,64,1024,0.98828125,0.0,0.98828125,0.0,0.8437174963920502,4.969981914389909,2.4849909571949547,1.2189683049774627
benign,active,128,1024,1.0,0.0,1.0,0.0,0.596598363104555,4.969981914389909,2.4849909571949547,1.2189683049774627
benign,active,256,1024,1.0,0.0,1.0,0.0,0.4218587481960251,4.969981914389909,2.4849909571949547,1.2189683049774627
benign,active,512,1024,1.0,0.0,1.0,0.0,0.2982991815522775,4.969981914389909,2.4849909571949547,1.2189683049774627
benign,passive,16,1024,0.0,0.0,0.0,0.0,3.4238081435923036,10.08410079485165,5.618270237985777,1.2189683049774627
benign,passive,32,1024,0.0,0.0,0.0,0.0,2.4209979558158423,10.08410079485165,5.618270237985777,1.2189683049774627
benign,passive,64,1024,0.0263671875,0.0,0.0263671875,0.0,1.7119040717961518,10.08410079485165,5.618270237985777,1.2189683049774627
benign,passive,128,1024,0.5400390625,0.0,0.5400390625,0.0,1.2104989779079212,10.08410079485165,5.618270237985777,1.2189683049774627
benign,passive,256,1024,0.9833984375,0.0,0.9833984375,0.0,0.8559520358980759,10.08410079485165,5.618270237985777,1.2189683049774627
benign,passive,512,1024,1.0,0.0,1.0,0.0,0.6052494889539606,10.08410079485165,5.618270237985777,1.2189683049774627
harmful,active,16,1024,0.0009765625,0.0009765625,0.0,0.0,0.7720483097265561,2.2739045668630493,1.1369522834315249,-0.24379366099549254
harmful,active,32,1024,0.005859375,0.005859375,0.0,0.0,0.5459205952112598,2.2739045668630493,1.1369522834315249,-0.24379366099549254
harmful,active,64,1024,0.0810546875,0.0810546875,0.0,0.0,0.38602415486327807,2.2739045668630493,1.1369522834315249,-0.24379366099549254
harmful,active,128,1024,0.37109375,0.37109375,0.0,0.0,0.2729602976056299,2.2739045668630493,1.1369522834315249,-0.24379366099549254
harmful,active,256,1024,0.8427734375,0.8427734375,0.0,0.0,0.19301207743163903,2.2739045668630493,1.1369522834315249,-0.24379366099549254
harmful,active,512,1024,0.99609375,0.99609375,0.0,0.0,0.13648014880281495,2.2739045668630493,1.1369522834315249,-0.24379366099549254
harmful,passive,16,1024,0.0,0.0,0.0,0.0,2.098491065148194,6.1806604022640075,3.4862418015427172,-0.24379366099549254
harmful,passive,32,1024,0.0,0.0,0.0,0.0,1.483857262425669,6.1806604022640075,3.4862418015427172,-0.24379366099549254
harmful,passive,64,1024,0.0,0.0,0.0,0.0,1.049245532574097,6.1806604022640075,3.4862418015427172,-0.24379366099549254
harmful,passive,128,1024,0.0,0.0,0.0,0.0,0.7419286312128345,6.1806604022640075,3.4862418015427172,-0.24379366099549254
harmful,passive,256,1024,0.0,0.0,0.0,0.0,0.5246227662870485,6.1806604022640075,3.4862418015427172,-0.24379366099549254
harmful,passive,512,1024,0.0322265625,0.0322265625,0.0,0.0,0.37096431560641724,6.1806604022640075,3.4862418015427172,-0.24379366099549254
