labels,arm,tasks,mean_exact_covariance,block_rate,allow_rate,inconclusive_rate,wrong_sign_decision_rate,coverage_rate,mean_radius
4,benign,1024,1.4639738335809955,0.0,0.32421875,0.67578125,0.0,1.0,2.097735364291011
4,harmful,1024,-0.4879912778603318,0.34765625,0.0,0.65234375,0.0,1.0,0.699245121430337
8,benign,1024,1.4639738335809955,0.0,0.6259765625,0.3740234375,0.0,0.998046875,1.4833229012250064
8,harmful,1024,-0.4879912778603318,0.603515625,0.0,0.396484375,0.0,0.9970703125,0.4944409670750022
16,benign,1024,1.4639738335809955,0.0,0.8212890625,0.1787109375,0.0,0.9970703125,1.0488676821455054
16,harmful,1024,-0.4879912778603318,0.8408203125,0.0,0.1591796875,0.0,0.9912109375,0.3496225607151685
32,benign,1024,1.4639738335809955,0.0,0.9775390625,0.0224609375,0.0,0.9931640625,0.7416614506125032
32,harmful,1024,-0.4879912778603318,0.9775390625,0.0,0.0224609375,0.0,0.9931640625,0.2472204835375011
64,benign,1024,1.4639738335809955,0.0,0.9970703125,0.0029296875,0.0,0.9951171875,0.5244338410727527
64,harmful,1024,-0.4879912778603318,1.0,0.0,0.0,0.0,0.998046875,0.17481128035758425
128,benign,1024,1.4639738335809955,0.0,1.0,0.0,0.0,0.9970703125,0.3708307253062516
128,harmful,1024,-0.4879912778603318,1.0,0.0,0.0,0.0,0.9951171875,0.12361024176875055
